Sauser;Alexandre
Blanco;Raphael
Hayoz;Laure
Roulet;Lucien
Brun;Adame
Mancini;Raoul
Dugas;Julia
Pythoud;Amire
Menetrier;Valentin
Mendoza;Caroline
Eicher;Marine
Brun;Alan
Sierro;Celia
Meichtry;Adrian
Falleti;Leila
Askin;Ismael
Oguey;Davide
Dudler;Charlotte
Walker;Sarah
Rosat;Thierry
Budeci;Jean-Daniel
Butikofer;Michael
Decurnex;Aleksi
Chervaz;Olivia
Blum;Oscar
Modoux;Malika
Pfeiffer;Ivone
Wolfisberg;Paul
Jorns;Nour
Treese;Mitsuko
Hofmann;Egor
Rivara;Carine
Gonzalez;Florian
Kohler;Nassim
Fischer;Mathieu
Papadimitriou;Morgane
Bord;Sam
Rossy;Elodie
Poehler;Egor
Lacroix;Karolin
Boulton;Laura
Fischer;Lucie
Myers;Emilie
Vikol;Marie
Jacobson;Vera
Excoffier;Anne-Sophie
Gaillard;Florent
Sicuro;Fabian
Rappaz;Virginie
Favre;Steven
Hausser;Helen
Martin;Axel
Luisier;Nino
Moreno;Valder
Aguettaz;Victoria
Davis;Quentin
Canel;Margaux
Ziemba;Lydiane
Canuto;Victor
Mahari;Sylvain
Richard;Cecile
Rodgers;Marie
Coulon;Florence
Davis;Adrien
Hirschi;Noah
Delavenna;Sonja
Affolter;Benoit
Duron;Celia
Mossi;Cedric
Racine;Giulia
Cattin;Alexandra
Catarino;Marion
Gaillard;Dina
Mossi;Yann
Mesny;Tanja
Brocard;Loic
Cretegny;Sathya
Clivaz;Dino
Haller;Isaline
Liechti;Florian
Gerber;Isabelle
Sterckx;Silvio
Nichols;Nicole
Godinho;Paul
Decurnex;Sebastien
Prevost;Kevyn
Cruz;Vanessa
Lorance;Carine
Jaunin;Matheo
Gaillard;Thibault
Zosso;Caroline
Marti;Joanna
Jouhet;Ellen
Nogueira;Matthieu
Nott;Caroline
Fantino;Alicia
Hostettler;Valentine
Goumaz;Tania
Bord;Tom
Nowak;Tom
Robatel;Lorraine
Bernet;Maxime
Bovet;Ewan
Imperatori;Sandrine
Ulrich;Alexandre
Bertholet;Riste
Girol;Antoine
Gebauer;Romain
Jeandin;Camille
Duperrier;Jennifer
Stojkov;Timon
Isabella;Basile
Daniel;Alec
Bernet;Luka
Lanzillotta;Maxime
Marmy;Sabilje
Benoit;Deborah
Veuillet;Aline
Lascols;Daniela
Dousse;Lucie
Dinh;Clem
Clerc;Sahithyen
Binggeli;Theo
Mayoud;Raquel
Fumeaux;Bandar
Autieri;Lisa
Ruhoff;Bastien
Girard;Christelle
Cameron;Marie-Laure
Skibo;Fanny
Lindanda;Aymerick
Bataillard;Loic
Marchal;Justine
Monteventi;Oriane
Jalabert;Cosima
Haenni;Christine
Testaz;Cyrille
Piguet;Francois
Rotman;Anthony
Guenat;Bryn
Dolivo;Claire
Mercuri;Pauline
Straumann;Erika
Sarrasin;Johann
Seiler;Caroline
Sollet;Fiona
Herrmann;Berenice
Parisot;Noe
Masson;Nina
Bartolini;Jan-Lucas
Vialletelle;Alexandra
Elwing;Nathan
Gaumann;Timothee
Ames;Adame
Brasey;Maxime
Bujard;Authmane
Guex;Mathieu
Bunzli;Quentin
Moreira;Julie
Mathys;Celia
Margot;Louis
Bertagna;Lucy
Karleskind;Coralie
Mcintyre;Loic
Rebollar;Alexa
Cuagnier;Nassim
Duvoisin;Oscar
Lanthemann;Florian
Costa;Alexandre
Pythoud;Killian
Krieg;Megan
Testuz;Koji
Burnier;Roman
Seppey;Ludovic
Rognon;Melinda
Bense;Estelle
Mccourt;Katia
Belhumeur;Paul
Chambaz;Henri
Chuard;Evegeniia
Berger;Line
Mermaz;Celine
Moser;Leonard
Fluckiger;Gaetan
Kern;Gaetano
Garate;Tony
Sechaud;Esteban
Frappaolo;Ludovic
Losi;Julia
Renard;Aleksander
Brandani;Noah
Blackshaw;Deborah
Ruokamo;Fanny
Duvernay;Katharina
Cervantes;Sonja
Soares;Armelle
Rickli;Sarah
Moix;Jeremy
Sechaud;Paul
Badoux;Emilien
Diekmann;Charlotte
Moret;Ethan
Iglesias;Jose
Moncozet;Elodie
Bunzli;Pascal
Dias;Adrien
Gunther;Lucile
Coulon;Aline
Picard;Lionel
Snel;Mai
Etchepare;Linda
Merklin;Sophie
Graber;Florie
Zierer;Sarah
Page;Lauriane
Venin;Cyrielle
Liechti;Soorya
Baumann;Cyrielle
Quiry;Margaux
Rumasuglia;Celine
Gaumann;Loic
Binotto;Benjamin
Jaha;John
Lynch;Nolan
Weidmann;Jonas
Desogus;Juliette
Jeannin;Linda
Secretan;Dara
Tao;Ludovic
Beuchat;Joelle
Roth;Nathalie
Wieser;Leo
Blum;Kylian
Favre;Alexandre
Montandon;Ludovic
Rieben;Fanny
Gorgerat;Alexandre
Paumgartner;Katie
Bachmann;Amanda
Ehrensperger;Jean-Blaise
Forgnone;Ximena
Kern;Alan
Bacher;Mark
Morin;Greg
Furrer;Lindsay
Salvador;Delphine
Nasser;Theo
Bernhard;Nicolas
Lynch;Corentin
Drozd;Alexandra
Rohrbasser;Coralie
Cortez;Nathan
Paccaud;Simon
Frazier;Pauline
Abbe;Cedric
Monnard;Lucien
Besseau;Xavier
Dirlewanger;Arthur
Schlager;Laure-Elie
Paccaud;Thibault
Marmy;Mathilde
Fischer;Nathan
Bruderer;Sophie
Rickenbacher;Gabriel
Jufer;Maxence
Busigny;Milos
Bichsel;Axel
Infante;Marine
Mahari;Oscar
Derksen;Cristelle
Ardain;Laure
Kaeser;Florian
Decrion;Ronalee
Seydoux;Bastien
Novara;Valentin
Cornu;Sebastien
Zimmermann;Nadia
Varela;Georgi
Oguey;Melvyn
Sallin;Floriane
Zemp;Tamryn
Merrone;Samuel
Lynch;Maxime
Muller;Kim
Roth;Ophelie
Callejas;Laura-Maria
Roulet;Alexandre
Rosselet;Kevin
Pabiot;Alice
Antier;Andi
Kaeser;Sylvain
Copin;Vittoria
Egger;Thomas
Robillard;Noelle
Jaquier;Nathan
Pecoud;Axel
Tudisco;Lucy
Lotrecchiano;Hugo
Cusin;Lara
Dayer;Guillemette
Juillerat;Felipe
Waeber;Charlotte
Mossi;Jean-David
Hofmann;Pascal
Sprunger;Cederic
Sauser;Fabien
Viret;Axel
Bianda;Claire
Chaves;Alexi
Behrens;Loic
Blanco;Cedric
Kohler;Damien
Schopfer;Mathilde
Kohler;Diego
Percassi;Sofia
Leclerc;Evelyne
Chew;Jean-Lucien
Augusto;Luca
Tanner;Aurore
Chabbey;Ruth
Bossy;Yabsra
Matthey;Byron
Darbellay;Cindy
Davet;Esther
Becher;Lou
Houch;David
Studer;Perrine
Lynch;Bastien
Sprunger;Anthony
Majeur;Tifaine
Silvestri;Roman
Biselx;Sarah
Belli;Geraldine
Martin;Gilles
Martin;Koji
Reymond;Alois
Wichoud;Marc
Bonnal;Pramila
Renoult;Laura
Badoux;Maxime
Roulet;Joel
Medico;Dylan
Dettwiler;Louise
Sassen;Pierre
Matos;Anais
Feger;Sharon
Ganz;Jessica
Kadilli;Fanny
Duvoisin;Shevget
Bonilla;Lois
Roulet;Estelle
Cardinale;Oscar
Mesnil;Vera
Tomas;Elisavet
Barras;Jessica
Fratianni;Coralie
Perrin;Charlotte
Inostroza;Priscille
Hussain;Melanie
Frossard;Laura
Fest;Marion
Mermoud;Donaic
Sandoz;Flavio
Ruhoff;Fabien
Favez;Lucy
Alkabbani;Nathan
Liechti;Marc
Mellifluo;Delphine
Soloveva;Lilly
Novotny;Vania
Fritschy;Lauriane
Khamsy;Marine
Varela;Tomas
Zamora;Ludovic
Piot;Rathushan
Suthendran;Cyril
Cachelin;Morgane
Gano;Martina
Costato;Charlotte
Hoegen;Mathilde
Jullier;Cynthia
Ackermann;Xenia
Hessman;Stefanie
Phillips;Julia
Kondracki;Marius
Mekonen;Sara
Baiche;Isaia
Grillet;Elisabeth
Willemetz;Leyli
Bawhan;Bora
Maire;Aurore
Lepers;Mathieu
Knight;Matteo
Verrando;Sandrine
Mathon;Marie
Oliveira;Axel
Wieser;Marc
Goumaz;Olena
Boella;Luis
Favre;Florian
Schmid;Valeria
Jalaleddine;Eliane
Raval;Linda
Farre;Maxime
Oguey;Mathieu
Krauchi;Jesse
Rebollar;Marion
Brocard;Adame
Oberlin;Layla
Kutsenko;Yannick
Zoupanidou;Sakura
Vaucher;Rafael
Sismanovic;Felix
Coster;Lauriane
Schnyder;Eluned
Crowe;Guillaume
Lovell;Jocelin
Albuquerque;Mathias
Burnier;Simon
Springmann;Sergio
Smeyers;Luana
Guilbert;Andrea
Johannes;Rhona
Moreno;Yannick
Sarhe;David
Blanco;Benoit
Degy;Maud-Laure
Nogueira;Sacha
Randiguet;Marie
Gurunlian;Emilie
Cherciu;Kim
Duruz;Valentin
Buet;Bianca
Pinazza;Johan
Danss;Marine
Nobile;Maeva
Massarotti;Magali
Habib;Magali
Gaglio;Sebastien
Vaucher;Adriano
Schopfer;Michelle
Smith;Myriam
Vaucher;Basile
Behrens;Axel
Charles;Geraldine
Bressoud;Samuel
Cau;Juliette
Moerch;Laetitia
Panchaud;Louis
Toth;Jennifer
Garate;Sebastien
Noel;Maksym
Perusset;Simon
Oberson;Anne-Laure
Karametaxas;Loriane
Silvestri;Damien
Perler;Anastassia
Fierro;Paul
Sordet;Laura
Picard;Thibaud
Moolenaar;Marine
Lehner;Rebecca
Chambordon;Elena
Feger;Hanna
Fleury;Henri
Kerr;Marie
Minder;Liam
Allet;Shevget
Affolter;Ryan
Decrion;Marlyse
Adeyemi;Mathias
Seppey;Loris
Muhlemann;Auriane
Robert;Emma
Barrett;Marine
Briand;Maximilien
Kunz;Paola
Crivelli;Imen
Baker;Valentin
Weibel;Gwen
Minder;Donaic
Domergue;Camille
Luriot;Aude
Haan;Loic
Hilgers;Sonia
Viglino;Valder
Berset;Noah
Fischer;Carmen
Nussbaum;Aline
Piguet;Adrien
Devenoge;Maxime
Seydoux;Marie
Bourdon;Leonore
Delay;Ethan
Roulet;Adrian
Mendez;Marie-Adele
Rouveyrol;Florian
Marchese;Titouan
Frappaolo;Fabien
Jaccard;Mandarine
Maugeri;Federico
Aeschlimann;Sandrine
Strasser;Elise
Kleiner;Violette
Saillen;Lynn
Muller;Loic
Eichler;Flavie
Ozkan;Adrien
Schneider;Tiago
Pintado;Santiago
Michel;Killian
Darbre;Marie
Chambard;Olivia
Hornberger;May
Rothenbuehler;Laury
Gaglio;Umut
Brugnoni;Anna
Fraiseau;Samantha
Fedulov;Loic
Cordonier;Marine
Kuonen;Navine
Miehling;Loris
Oliveira;Alexandre
Chappuis;Adeline
Hiew;Vanessa
Lambelet;Selina
Livet;Ludovic
Ruffieux;Catalina
Tribolet;Guillaume
Pessina;Sylvie
Ruchat;Jonas
Paranhos;Delphine
Maillard;Kento
Khamsy;Audrey
Bossy;Nino
Mancini;Sylvain
Pirolli;Antonia
Rochat;Sebastien
Jaton;Alexio
Perusset;Mathieu
Fischer;Dominika
Grenacher;Martijn
Lagrange;Cristina
Amos;Alice
Viglino;Thibaud
Stalder;Emma
Broccard;Marion
Varga;Lauriane
Lukanov;Jean-Pierre
Belkherroubi;Julie
Rochat;Kim
Vigneau;Ryan
Luisier;Jeremie
Rellstab;Deborah
Merour;Margot
Iselin;Eloise
Simonet;Arthur
Fluri;Tim
Cortez;Guillaume
Bugnon;Christophe
Frund;Nadia
Favre;Arthur
Ames;Paul
Mondada;Laura
Jong;Adrien
Maclean;Catherine
Jaccard;Letizia
Bichsel;Basile
Delassue;Arno
Haldemann;Umut
Weber;Lois
Saidi;Florence
Bagnoud;Magali
Jeanbart;Floriane
Bise;Andre
Araba;Ani
Parisot;Marius
Wanner;Clement
Isabella;Mark
Poschung;Piotr
Gorgerat;Koji
Farre;Florian
Casciaro;Florije
Payraudeau;Matteo
Salvignol;Nathan
Leclercq;Jessica
Cardinale;Gabor
Duriaux;Severine
Favre;Laure
Markert;Egor
Rango;Julie
Terra;Agathe
Muzzolin;Benjamin
Eaton;Pauline
Clemenz;Marinelle
Maulini;Ylenia
Jousson;Axel
Ravetti;Sanela
Terki;Tom
Hasanovic;Jennifer
Phillips;Lucie
Tapparel;Diane
Roffey;Karin
Gallaz;Rayan
Derolland;Laetitia
Rosetti;Isabelle
Ackermann;Marcelle
Fetz;Leila
Richard;Katharina
Cottin;Victoria
Ferraud;Laura
Cuagnier;Esteban
Holtz;Kate
Schmidt;Maria
Gosteli;Adrien
Markert;Francois
Allet;Jeremie
Nicole;Leonard
Martin;Sylvain
Matthys;Nils
Gachoud;Soline
Fiaux;Mathieu
Grisel;Timothee
Bignens;Serge
Boardman;Alice
Adams;Virgile
Weibel;Estelle
Naharro;Rosa
Escher;Shuna
Pasche;Benoit
Mossi;Mathieu
Rossi;Lisa
Perroud;Cindy
Lenggenhager;Lauriane
Pasupathy;Maxime
Denais;Carina
Gernandt;Sophie
Monteventi;Vanessa
Baschung;Caroline
Schlegel;Charlotte
Sheybani;Aline
Major;Camille
Weber;Ryan
Seydoux;Nolan
Stracke;Yolande
Kutsenko;Gabriel
Brasey;Yanick
Mossi;Hugo
Homberger;Lucille
Biasca;Luisa
Edwards;Lucie
Hawkins;Fanny
Martin;Alexandra
Jordan;Marco
Simonnin;Nathalie
Depland;Ella
Furnon;Aline
Bonetti;Feliciens
Naulot;Carina
Faria;Samuel
Rial;Clovis
Goncalves;Colin
Mercier;Sophie
Cornejo;Alina
Bugnon;Caroline
Cochet;Joy
Tao;Francois
Bord;Megan
Schmidt;Sara
Malhiere;Maria
Nevache;Alan
Pochon;Tamara
Moser;Astrid
Venetz;Ethan
Mermoud;Nathan
Lotrecchiano;Tanguy
Chigrina;Julie
Rauch;Amandine
Constantin;Gilian
Mcintyre;Soorya
Poehler;Matthieu
Dao;Lucie
Meier;Aurelia
Purro;Emily
Farjallah;Margaux
Ducrocq;Virginie
Wolf;Sean
Jimenez;Simine
Torlakovic;Annabelle
Chevalley;Mathieu
Theintz;Mateo
Medico;Nathan
Abdelhak;Raoul
Bataillard;Ludovic
Miescher;Kim
Schlingemann;Florence
Pibouleau;Chiara
Debleds;Pauline
Haldemann;Gabor
Stracke;Riikka
Nevache;Matthieu
Pessard;Laure
Mote;Alexia
Sandoz;Loic
Gerth;Pedro
Reverseau;Georgia
Mujaj;Alexia
Chaabane;Juliana
Pasche;Killian
Lucas;Annabell
Wenger;Kirstin
Gindroz;William
Bourgeois;Yves
Rivier;Valentin
Robert;Aurelie
Obregon;Lena
Terki;Thibault
Mot;Anna
Daetsch;Amandine
Testuz;Ryan
Devenoge;Axel
Genin;Arnaud
Jousson;Maxime
Adams;Axelle
Gargiullo;Mathavan
Hofmann;Simon
Schmidt;Xavier
Dormond;Samuel
Saraiva;Camille
Rey;Emilie
Bregger;Sacha
Artar;Sandy
Dirlewanger;Nicolas
Barbour;Kimberly
Volery;Caroline
Piaget;Juliette
Bartolini;Jeremy
Boella;Tanguy
Beigbeder;Karine
Hamonic;Thomas
Hryciuk;Vanessa
Hostettler;Justine
Hirschel;Christine
Viret;Nathan
Fleury;Timothee
Theron;Marine
Dittli;Dominique
Figueras;Jordann
Berchtold;Prisca
Somaroo;Clement
Thomson;Quentin
Low;Lolita
Pittet;Mayra
Lacour;Anne-Marie
Liden;Maryrose
Stucki;Marianne
Sommer;Nathalia
Nowak;Joel
Billieres;Charlotte
Zurbuchen;Valentin
Dias;Abdullah
Malyukova;Ludivine
Sowa;Noe
Barbey;Julien
Pacchiani;Elsa
Liengme;Maud
Bacher;Jeremy
Moret;Gregoire
Spoerri;Pauline
Falconnet;Molly
Cettour;Franziska
Hostettler;Sarah
Ravida;Quentin
Chambaz;Gabriel
Jaquier;Donaic
Willame;Isabelle
Delrio;Tom
Macchi;Quentin
Skalli;Audrey
Sauser;Loic
Moret;Simon
Zippo;Thomas
Naji;Fabiola
Bouvard;Antonin
